id,tm_af
6UIW, 0.9309
5K2M, 0.4844
1G63, 0.9949
3ZIA, 0.6508
2P1B, 0.4351
3KIF, 0.3250
1NGK, 0.2668
2A3W, 0.2536
5BSE, 0.9494
1DW9, 0.9991
3ZK1, 0.9977
7AJP, 0.5079
5LK5, 0.2459
1H2I, 0.5558
6GRJ, 0.4527
3ZQM, 0.9903
7JQZ, 0.7676
5T11, 0.9957
6QLV, 0.9975
3N99, 0.7637
2BX9, 0.9692
6FWH, 0.9144
1IWA, 0.9990
1F1H, 0.7437
6NHT, 0.2152
1IS7, 0.9957
1KB9, 0.8823
6ESQ, 0.7469
6KRB, 0.5231
6MST, 0.1846
7CGE, 0.9886
2E6G, 0.2377
1L6W, 0.7475
6S5L, 0.3149
1AVO, 0.9990
4K2J, 0.2416
4IC1, 0.9945
6X04, 0.2232
5J09, 0.4022
1D0I, 0.9974
3TXQ, 0.9969
2V7Q, 0.9443
2OBX, 0.9955
3BJQ, 0.1934
2VYR, 0.2769
2D3A, 0.7878
2DJW, 0.9957
3HHW, 0.6221
2V18, 0.9965
1BCF, 0.7446
6SSI, 0.9006
6RKE, 0.4979
5B04, 0.9843
5N5E, 0.9979
5JQL, 0.6123
2QJG, 0.9936
6RO0, 0.1568
1TR0, 0.9986
5TRM, 0.3732
3TOS, 0.9968
1X0R, 0.9885
6OVH, 0.3205
4JPN, 0.2923
5UK3, 0.9949
2FKD, 0.8779
1I50, 0.9534
1A8R, 0.2412
2X2V, 0.9969
2EWC, 0.3426
6G94, 0.9649
3MQ7, 0.1417
3LAY, 0.9788
1HKX, 0.9817
6OFG, 0.6314
4EJ0, 0.4725
3ONR, 0.9655
2YMD, 0.4987
1KYO, 0.8890
1VDM, 0.3196
1RBL, 0.8186
5JYX, 0.4393
1JYM, 0.2645
6RD7, 0.3693
7JZ2, 0.9925
3DTD, 0.3666
1NLX, 0.3057
3VG8, 0.3206
1TH7, 0.9093
1Q5Q, 0.9972
2WCV, 0.3713
1YKK, 0.5732
3BFJ, 0.9956
6ZEE, 0.2906
1X9F, 0.9958
1GH0, 0.9024
1RVV, 0.8295
4RAP, 0.8534
1DPS, 0.9995
2G9T, 0.3676
6E7D, 0.2247
3OOQ, 0.9989
1N8J, 0.9807
5XPB, 0.6906
6JCV, 0.9797
3R90, 0.2606
3ZNU, 0.9933
2V5H, 0.9782
1X0P, 0.8944
2BL2, 0.9975
1M3U, 0.9983
6N3P, 0.9537
3M0W, 0.7389
4BHU, 0.3555
5F2Q, 0.4750
2C41, 0.9983
3JVO, 0.9930
6SQR, 0.4928
6OSJ, 0.2758
3M1A, 0.2230
4RSU, 0.5376
6LQH, 0.9939
3U6X, 0.8863
1TYF, 0.8374
1M5Q, 0.2221
6SDZ, 0.1742
1BHC, 0.3346
1QAW, 0.9967
5OVS, 0.7506
4F4S, 0.5001
2DD4, 0.9968
5CW7, 0.8870
3K6C, 0.9947
1L0L, 0.9557
6MRT, 0.6231
5ODC, 0.9841
1VF7, 0.3574
